subject,min,max,mean,std
S1,0.0020603898,0.84426016,0.09833038,0.12915528
S2,0.0022595571,0.83287394,0.09675687,0.13412488
S3,0.0017434625,0.79672617,0.0958509,0.102230944
S4,0.007276028,0.655336,0.0965788,0.09197279
S5,0.005318594,0.6758083,0.0963477,0.08723256
S6,0.0062168823,0.61581594,0.09629841,0.08056426
S7,0.0053457003,0.7586624,0.097592086,0.10195816
S8,0.0066024777,0.65220815,0.096918255,0.0943428
S9,0.0020837428,0.807153,0.09804605,0.119514085
S10,0.011033929,0.53157616,0.09688607,0.06933791
S11,0.0016889371,0.57403207,0.09730702,0.059410848
S12,0.008977046,0.5855458,0.097335145,0.06367234
S13,0.007950496,0.6513417,0.09698307,0.058002755
S14,0.0031346339,0.8215856,0.09676576,0.11652479
S15,0.0055773715,0.56067294,0.0966641,0.063101515
S16,0.0020598415,0.7921895,0.09692354,0.13641529
S17,0.0027666593,0.6784673,0.09622275,0.09169863
S18,0.00445611,0.7301217,0.09766692,0.1095982
S19,0.006814312,0.6406575,0.095378965,0.051791154
S20,0.005350747,0.68656933,0.095072955,0.09417981
S21,0.0019423878,0.772357,0.09624725,0.13756765
S22,0.0040109823,0.7225357,0.095979914,0.08745911
S23,0.0022206951,0.81076926,0.096969746,0.09083616
S24,0.0025469996,0.8263124,0.09850077,0.14819604
S25,0.007458005,0.67515475,0.09635419,0.08376632
S26,0.006010802,0.73944336,0.09689795,0.089889154
S27,0.003694473,0.72528404,0.09813873,0.11277491
S28,0.0027178756,0.7058425,0.09511624,0.09499537
S29,0.004598797,0.66861296,0.09675117,0.065182686
S30,0.007764977,0.7219925,0.09706905,0.07359915
S31,0.004783681,0.773923,0.09529188,0.07153494
S32,0.0038319475,0.7215254,0.09539354,0.10492432
S33,8.514206e-06,0.7202638,0.09330382,0.07838305
S34,0.006576658,0.5829013,0.097799554,0.07617222
S35,0.0084983995,0.6543572,0.09597388,0.0708866
